Date,HomeTeam,AwayTeam,FTHG,FTAG
2023-01-27,ROSARIO CENTRAL,ARGENTINOS JUNIORS,1,0
2023-01-28,DEFENSA Y JUSTICIA,HURACAN,2,4
2023-01-28,SAN LORENZO,ARSENAL SARANDI,1,0
2023-01-28,ESTUDIANTES,TIGRE,1,2
2023-01-28,TALLERES,INDEPENDIENTE,0,1
2023-01-28,CENTRAL CORDOBA,RIVER PLATE,0,2
2023-01-29,PLATENSE,NEWELLS OLD BOYS,2,2
2023-01-29,RACING CLUB,BELGRANO,0,0
2023-01-29,COLON,LANUS,1,2
2023-01-29,INSTITUTO,SARMIENTO,0,0
2023-01-29,BOCA JUNIORS,ATLETICO TUCUMAN,1,0
2023-02-03,NEWELLS OLD BOYS,VELEZ SARSFIELD,1,0
2023-02-04,TIGRE,ROSARIO CENTRAL,2,2
2023-02-04,SARMIENTO,BARRACAS CENTRAL,3,5
2023-02-04,ARSENAL SARANDI,ESTUDIANTES,1,1
2023-02-04,BELGRANO,RIVER PLATE,2,1
2023-02-04,LANUS,SAN LORENZO,2,1
2023-02-04,ARGENTINOS JUNIORS,RACING CLUB,1,0
2023-02-05,INDEPENDIENTE,PLATENSE,1,2
2023-02-05,BOCA JUNIORS,CENTRAL CORDOBA,0,0
2023-02-05,ATLETICO TUCUMAN,TALLERES,0,2
2023-02-06,HURACAN,BANFIELD,3,2
2023-02-06,GIMNASIA LA PLATA,DEFENSA Y JUSTICIA,0,2
2023-05-07,RIVER PLATE,BOCA JUNIORS,1,0
2023-04-16,INDEPENDIENTE,RACING CLUB,1,1
2023-04-12,SAN LORENZO,BOCA JUNIORS,1,0